Datetime,Water Level (m)
2025-10-21 18:00:00,0.24856135
2025-10-21 19:00:00,-0.25678623
2025-10-21 20:00:00,-0.6747243
2025-10-21 21:00:00,-0.78981286
2025-10-21 22:00:00,-0.6873375
2025-10-21 23:00:00,-0.3107451
2025-10-22 00:00:00,0.17842798
2025-10-22 01:00:00,0.6317759
2025-10-22 02:00:00,0.9974913
2025-10-22 03:00:00,1.07516
2025-10-22 04:00:00,0.93242043
2025-10-22 05:00:00,0.56210285
2025-10-22 06:00:00,0.08092682
2025-10-22 07:00:00,-0.44102815
2025-10-22 08:00:00,-0.7846699
2025-10-22 09:00:00,-0.8480882
2025-10-22 10:00:00,-0.70361483
2025-10-22 11:00:00,-0.34491378
2025-10-22 12:00:00,0.13727906
2025-10-22 13:00:00,0.653872
2025-10-22 14:00:00,1.1093479
2025-10-22 15:00:00,1.3038557
2025-10-22 16:00:00,1.2778842
2025-10-22 17:00:00,0.97118074
2025-10-22 18:00:00,0.45750776
2025-10-22 19:00:00,-0.06184533
2025-10-22 20:00:00,-0.5610097
2025-10-22 21:00:00,-0.7487391
2025-10-22 22:00:00,-0.75430006
2025-10-22 23:00:00,-0.47894245
2025-10-23 00:00:00,-0.032757595
2025-10-23 01:00:00,0.41171208
2025-10-23 02:00:00,0.78288
2025-10-23 03:00:00,1.0039786
2025-10-23 04:00:00,0.96999305
2025-10-23 05:00:00,0.70296377
2025-10-23 06:00:00,0.2807791
2025-10-23 07:00:00,-0.18030475
2025-10-23 08:00:00,-0.64326125
2025-10-23 09:00:00,-0.8244743
2025-10-23 10:00:00,-0.8133922
2025-10-23 11:00:00,-0.54126656
2025-10-23 12:00:00,-0.09963163
2025-10-23 13:00:00,0.40756327
2025-10-23 14:00:00,0.8919521
2025-10-23 15:00:00,1.2136551
2025-10-23 16:00:00,1.2869734
2025-10-23 17:00:00,1.1135772
2025-10-23 18:00:00,0.68136716
2025-10-23 19:00:00,0.18588117
2025-10-23 20:00:00,-0.29311445
2025-10-23 21:00:00,-0.62155473
2025-10-23 22:00:00,-0.72800595
2025-10-23 23:00:00,-0.61486304
2025-10-24 00:00:00,-0.25302255
2025-10-24 01:00:00,0.16351114
2025-10-24 02:00:00,0.5499702
2025-10-24 03:00:00,0.870117
2025-10-24 04:00:00,0.9447892
2025-10-24 05:00:00,0.7964523
2025-10-24 06:00:00,0.44615027
2025-10-24 07:00:00,0.014168735
2025-10-24 08:00:00,-0.44881457
2025-10-24 09:00:00,-0.7186041
2025-10-24 10:00:00,-0.76826817
2025-10-24 11:00:00,-0.65150815
2025-10-24 12:00:00,-0.3108946
2025-10-24 13:00:00,0.17051503
2025-10-24 14:00:00,0.6281815
2025-10-24 15:00:00,1.0220593
2025-10-24 16:00:00,1.2057495
2025-10-24 17:00:00,1.186279
2025-10-24 18:00:00,0.88490695
2025-10-24 19:00:00,0.4267287
2025-10-24 20:00:00,-0.0030603854
2025-10-24 21:00:00,-0.42029867
2025-10-24 22:00:00,-0.6165332
2025-10-24 23:00:00,-0.63855684
2025-10-25 00:00:00,-0.3879755
2025-10-25 01:00:00,-0.029906482
2025-10-25 02:00:00,0.3286519
2025-10-25 03:00:00,0.6411
2025-10-25 04:00:00,0.83901995
2025-10-25 05:00:00,0.79633087
2025-10-25 06:00:00,0.57105017
2025-10-25 07:00:00,0.20619859
2025-10-25 08:00:00,-0.18461153
2025-10-25 09:00:00,-0.5425237
2025-10-25 10:00:00,-0.6721976
2025-10-25 11:00:00,-0.6631986
2025-10-25 12:00:00,-0.45160994
2025-10-25 13:00:00,-0.06257458
2025-10-25 14:00:00,0.37657443
2025-10-25 15:00:00,0.7756529
2025-10-25 16:00:00,1.0442729
2025-10-25 17:00:00,1.141729
2025-10-25 18:00:00,0.9942402
2025-10-25 19:00:00,0.6162339
2025-10-25 20:00:00,0.22884311
2025-10-25 21:00:00,-0.14113167
2025-10-25 22:00:00,-0.4213908
2025-10-25 23:00:00,-0.5164109
2025-10-26 00:00:00,-0.44170174
2025-10-26 01:00:00,-0.19582485
2025-10-26 02:00:00,0.112600535
2025-10-26 03:00:00,0.41227713
2025-10-26 04:00:00,0.646769
2025-10-26 05:00:00,0.7283369
2025-10-26 06:00:00,0.6363801
2025-10-26 07:00:00,0.37662992
2025-10-26 08:00:00,0.02804745
2025-10-26 09:00:00,-0.3098144
2025-10-26 10:00:00,-0.5145948
2025-10-26 11:00:00,-0.57044023
2025-10-26 12:00:00,-0.49734175
2025-10-26 13:00:00,-0.22406098
2025-10-26 14:00:00,0.14916849
2025-10-26 15:00:00,0.4969382
2025-10-26 16:00:00,0.8194516
2025-10-26 17:00:00,0.9888537
2025-10-26 18:00:00,0.99198556
2025-10-26 19:00:00,0.7762432
2025-10-26 20:00:00,0.44565725
2025-10-26 21:00:00,0.13266543
2025-10-26 22:00:00,-0.17548463
2025-10-26 23:00:00,-0.33941162
2025-10-27 00:00:00,-0.3698469
2025-10-27 01:00:00,-0.2782549
2025-10-27 02:00:00,-0.05329524
2025-10-27 03:00:00,0.21652536
2025-10-27 04:00:00,0.4303261
2025-10-27 05:00:00,0.5879392
2025-10-27 06:00:00,0.6146882
2025-10-27 07:00:00,0.4876897
2025-10-27 08:00:00,0.2234991
2025-10-27 09:00:00,-0.034079574
2025-10-27 10:00:00,-0.27452323
2025-10-27 11:00:00,-0.39230424
2025-10-27 12:00:00,-0.4325825
2025-10-27 13:00:00,-0.31421039
2025-10-27 14:00:00,-0.026018485
2025-10-27 15:00:00,0.27250594
2025-10-27 16:00:00,0.55558896
2025-10-27 17:00:00,0.7897496
2025-10-27 18:00:00,0.88914984
